Id,Filename,Path,Title
3528,4th_of_july.png,gallery,4th of July
5247,a_random_hug.png,gallery,
9312,above_the_world.png,gallery,Us Against the World
6112,adorable_z_colored.png,gallery,Adorable Zack
8759,alex.png,gallery,
2657,battery_park.png,gallery,
8171,be_my_buddy.png,gallery,
1948,beach_photo.png,gallery,
4633,beach_time.png,gallery,
1371,black_and_white.png,gallery,
4862,bluefreak.png,gallery,Blue Freak
7025,boxers_of_america.png,gallery,
9289,cat_z.png,gallery,
5551,Cirria.png,gallery,
6237,cookie.png,gallery,Cookie Girl
7458,crazy_artist.png,gallery,
3993,do_the_bunni.png,gallery,Do the Bunni!
2566,Doom_Flakes_-_Popochi.png,gallery,
7430,Doom_Flakes.png,gallery,
8228,evil_mouse_XD.png,gallery,
4384,evil_mw77.png,gallery,Evil Mega
9123,flash_or_paint.PNG,gallery,
3111,for_sam.png,gallery,
3621,Friaser.png,gallery,
9185,fried_brain.png,gallery,
5555,get_something_done.png,gallery,
7481,gir.png,gallery,
8729,her_butt_blew_up.png,gallery,
9215,it_itchs_-_remix.png,gallery,
7312,it_itchs.png,gallery,
4444,Julie.png,gallery,
1854,killed_sally.png,gallery,
7973,kim.png,gallery,
8215,link_gets_a_hug.png,gallery,
1423,me_as_a_fox.png,gallery,
6668,megawolf.jpg,gallery,
2051,Mini-Top.png,gallery,
9668,moo_XD.png,gallery,Zack with Udders
1399,mr_green.gif,gallery,
7867,mw77.png,gallery,Toon Mega
2837,my_brown_poo.png,gallery,
9918,my_green_eggs_and_ham.png,gallery,
3768,my_tail.jpg,gallery,Keep the Fox Tail
4285,o0obubbleso0o_Contest.png,gallery,o0obubbleso0o Contest
6155,of_doom.png,gallery,
6912,oh_no.png,gallery,Oh no!
5659,oh-boy.gif,gallery,
4467,on_the_train.png,gallery,Night on the Train
8727,plant_your_butt.png,gallery,
9471,poke_poke_poke_p2.png,gallery,
2034,Popochi.png,gallery,
3724,rain_go_away.png,gallery,"Rain, Rain Go Away"
7168,rvb_z_welcome.png,gallery,Red vs Blue
2849,sallys_dark_world.png,gallery,Sally’s Dark World
5583,screaming_doom_flakes.png,gallery,
8965,shot_microsoft.png,gallery,
7593,Sims_Trophie.png,gallery,
5869,singing_satellite.gif,gallery,
2853,sleeping.png,gallery,
7288,speachless.png,gallery,
6456,spit_bomber_tails.png,gallery,
1254,super_z.png,gallery,Super Zack!
9322,teeth.png,gallery,
9021,Teki.png,gallery,
7996,thats_all_she_wrote.png,gallery,That's All She Wrote!
9097,the_pepsi.png,gallery,
5787,Torro.png,gallery,
7718,twilight_z.png,gallery,Twilight Zack
7835,whatever.png,gallery,
3845,when_i_was_little.png,gallery,
2685,when_listeing_to_itunes.png,gallery,When Listening To iTunes
6122,whos_the_cute_one.png,gallery,Who's the Cute One?
5598,why_are_we_doing_this.png,gallery,
5226,win_xp_insane.png,gallery,Windows XP Insane Edition
4481,Wonka-z.png,gallery,Wonka Zack
7149,woof.png,gallery,
6185,you_know_wanna.png,gallery,
9685,you.png,gallery,You!!!
2173,z_adorable2-5.png,gallery,Adoble Zack 2.5
8048,is_it_christmas.png,gallery,Is it Christmas Yet?
9329,z_djs.jpg,gallery,Zack DJs
8132,z_gets_flashed.png,gallery,Zack Gets Flashed
2471,z_goes_camping.png,gallery,Zack Goes Camping
8095,z_meet_bunni.jpg,gallery,Zack Meets Bunni
4532,Z_uncolored.png,gallery,Zack Uncolored
9866,z_meets_roboz.png,gallery,Zack Meets RoboZ
4457,zc_2_pixal.png,gallery,Pixel Zack v2
8219,zc_cooks.png,gallery,Zack Cooks
231,zc_paint_v2.png,gallery,MS Paint Zack v2
1502,zc_paint.png,gallery,MS Paint Zack
2962,zc_smile.gif,gallery,Smiley
8541,Zindows_Trista.png,gallery,
3694,gaia_zack.png,gallery,Gaia Zack
8442,attack_of_the_video_games.gif,animations,Attack of the Video Games
4294,school.gif,animations,School!
4126,John_Model_Sheet.png,modelsheets,
7814,the_future_dj.png,modelsheets,The Future DJ
9110,z_kitten_model_sheet_1.png,modelsheets,Kitten Zack Concept
6538,zc_rev08_modelsheet.png,modelsheets,2008 Revision
1963,fbdj_wallpaper.png,wallpaper,Furry Blue DJ
4858,feet_wallpaper.png,wallpaper,Feet!
1198,mu_wallpaper.png,wallpaper,Mu
2983,vector_gen_wallpaper.png,wallpaper,Vector Generation
5059,fanart_wallpaper.png,wallpaper,Fanart Collage
6815,z_artists_fanclub.png,wallpaper,Z-Artists’ Club
1878,christmas_yet.png,wallpaper,Is it Christmas Yet?
